問題,分野,テーマ,確認できた原資料,原典照合状況,正答・解説の確認元,関連問題群,URL,選定理由
"1","テクノロジ","論理演算と真理値表","提供された「FE科目A模試①」の問題画像","原資料に年度・試験区分・問番号の記載がないため、転載元は未特定","提供された「FE科目A模試解説①.pdf」","基本情報技術者試験 科目A公開問題","https://www.fe-siken.com/","「論理演算と真理値表」を扱う設問であることから、科目Aで問われる基礎理論・コンピュータシステム・データベース・ネットワークの類題を確認する参照先として掲載。これは原典の推定ではなく、復習用の関連問題群である。"
"2","テクノロジ","ベイズの定理","提供された「FE科目A模試①」の問題画像","原資料に年度・試験区分・問番号の記載がないため、転載元は未特定","提供された「FE科目A模試解説①.pdf」","基本情報技術者試験 科目A公開問題","https://www.fe-siken.com/","「ベイズの定理」を扱う設問であることから、科目Aで問われる基礎理論・コンピュータシステム・データベース・ネットワークの類題を確認する参照先として掲載。これは原典の推定ではなく、復習用の関連問題群である。"
"3","テクノロジ","過学習","提供された「FE科目A模試①」の問題画像","原資料に年度・試験区分・問番号の記載がないため、転載元は未特定","提供された「FE科目A模試解説①.pdf」","基本情報技術者試験 科目A公開問題","https://www.fe-siken.com/","「過学習」を扱う設問であることから、科目Aで問われる基礎理論・コンピュータシステム・データベース・ネットワークの類題を確認する参照先として掲載。これは原典の推定ではなく、復習用の関連問題群である。"
"4","テクノロジ","情報落ち","提供された「FE科目A模試①」の問題画像","原資料に年度・試験区分・問番号の記載がないため、転載元は未特定","提供された「FE科目A模試解説①.pdf」","基本情報技術者試験 科目A公開問題","https://www.fe-siken.com/","「情報落ち」を扱う設問であることから、科目Aで問われる基礎理論・コンピュータシステム・データベース・ネットワークの類題を確認する参照先として掲載。これは原典の推定ではなく、復習用の関連問題群である。"
"5","テクノロジ","二分探索木","提供された「FE科目A模試①」の問題画像","原資料に年度・試験区分・問番号の記載がないため、転載元は未特定","提供された「FE科目A模試解説①.pdf」","基本情報技術者試験 科目A公開問題","https://www.fe-siken.com/","「二分探索木」を扱う設問であることから、科目Aで問われる基礎理論・コンピュータシステム・データベース・ネットワークの類題を確認する参照先として掲載。これは原典の推定ではなく、復習用の関連問題群である。"
"6","テクノロジ","スタックと出力順","提供された「FE科目A模試①」の問題画像","原資料に年度・試験区分・問番号の記載がないため、転載元は未特定","提供された「FE科目A模試解説①.pdf」","基本情報技術者試験 科目A公開問題","https://www.fe-siken.com/","「スタックと出力順」を扱う設問であることから、科目Aで問われる基礎理論・コンピュータシステム・データベース・ネットワークの類題を確認する参照先として掲載。これは原典の推定ではなく、復習用の関連問題群である。"
"7","テクノロジ","JSON","提供された「FE科目A模試①」の問題画像","原資料に年度・試験区分・問番号の記載がないため、転載元は未特定","提供された「FE科目A模試解説①.pdf」","基本情報技術者試験 科目A公開問題","https://www.fe-siken.com/","「JSON」を扱う設問であることから、科目Aで問われる基礎理論・コンピュータシステム・データベース・ネットワークの類題を確認する参照先として掲載。これは原典の推定ではなく、復習用の関連問題群である。"
"8","テクノロジ","GPUによる並列処理","提供された「FE科目A模試①」の問題画像","原資料に年度・試験区分・問番号の記載がないため、転載元は未特定","提供された「FE科目A模試解説①.pdf」","基本情報技術者試験 科目Aサンプル問題","https://www.fe-siken.com/","「GPUによる並列処理」を扱う設問であることから、現行の科目Aで扱われるAI・クラウド・開発技術などの出題形式を確認する参照先として掲載。これは原典の推定ではなく、復習用の関連問題群である。"
"9","テクノロジ","5段パイプライン","提供された「FE科目A模試①」の問題画像","原資料に年度・試験区分・問番号の記載がないため、転載元は未特定","提供された「FE科目A模試解説①.pdf」","基本情報技術者試験 科目A公開問題","https://www.fe-siken.com/","「5段パイプライン」を扱う設問であることから、科目Aで問われる基礎理論・コンピュータシステム・データベース・ネットワークの類題を確認する参照先として掲載。これは原典の推定ではなく、復習用の関連問題群である。"
"10","テクノロジ","仮想化環境の縮退運転","提供された「FE科目A模試①」の問題画像","原資料に年度・試験区分・問番号の記載がないため、転載元は未特定","提供された「FE科目A模試解説①.pdf」","基本情報技術者試験 科目A公開問題","https://www.fe-siken.com/","「仮想化環境の縮退運転」を扱う設問であることから、科目Aで問われる基礎理論・コンピュータシステム・データベース・ネットワークの類題を確認する参照先として掲載。これは原典の推定ではなく、復習用の関連問題群である。"
"11","テクノロジ","Infrastructure as Code","提供された「FE科目A模試①」の問題画像","原資料に年度・試験区分・問番号の記載がないため、転載元は未特定","提供された「FE科目A模試解説①.pdf」","基本情報技術者試験 科目A公開問題","https://www.fe-siken.com/","「Infrastructure as Code」を扱う設問であることから、科目Aで問われる基礎理論・コンピュータシステム・データベース・ネットワークの類題を確認する参照先として掲載。これは原典の推定ではなく、復習用の関連問題群である。"
"12","テクノロジ","システム稼働率","提供された「FE科目A模試①」の問題画像","原資料に年度・試験区分・問番号の記載がないため、転載元は未特定","提供された「FE科目A模試解説①.pdf」","基本情報技術者試験 科目A公開問題","https://www.fe-siken.com/","「システム稼働率」を扱う設問であることから、科目Aで問われる基礎理論・コンピュータシステム・データベース・ネットワークの類題を確認する参照先として掲載。これは原典の推定ではなく、復習用の関連問題群である。"
"13","テクノロジ","ロジックマッシュアップ","提供された「FE科目A模試①」の問題画像","原資料に年度・試験区分・問番号の記載がないため、転載元は未特定","提供された「FE科目A模試解説①.pdf」","基本情報技術者試験 科目A公開問題","https://www.fe-siken.com/","「ロジックマッシュアップ」を扱う設問であることから、科目Aで問われる基礎理論・コンピュータシステム・データベース・ネットワークの類題を確認する参照先として掲載。これは原典の推定ではなく、復習用の関連問題群である。"
"14","テクノロジ","スラッシング","提供された「FE科目A模試①」の問題画像","原資料に年度・試験区分・問番号の記載がないため、転載元は未特定","提供された「FE科目A模試解説①.pdf」","基本情報技術者試験 科目A公開問題","https://www.fe-siken.com/","「スラッシング」を扱う設問であることから、科目Aで問われる基礎理論・コンピュータシステム・データベース・ネットワークの類題を確認する参照先として掲載。これは原典の推定ではなく、復習用の関連問題群である。"
"15","テクノロジ","OSSライセンス","提供された「FE科目A模試①」の問題画像","原資料に年度・試験区分・問番号の記載がないため、転載元は未特定","提供された「FE科目A模試解説①.pdf」","基本情報技術者試験 科目A公開問題","https://www.fe-siken.com/","「OSSライセンス」を扱う設問であることから、科目Aで問われる基礎理論・コンピュータシステム・データベース・ネットワークの類題を確認する参照先として掲載。これは原典の推定ではなく、復習用の関連問題群である。"
"16","テクノロジ","NAND回路","提供された「FE科目A模試①」の問題画像","原資料に年度・試験区分・問番号の記載がないため、転載元は未特定","提供された「FE科目A模試解説①.pdf」","基本情報技術者試験 科目A公開問題","https://www.fe-siken.com/","「NAND回路」を扱う設問であることから、科目Aで問われる基礎理論・コンピュータシステム・データベース・ネットワークの類題を確認する参照先として掲載。これは原典の推定ではなく、復習用の関連問題群である。"
"17","テクノロジ","レスポンシブWebデザイン","提供された「FE科目A模試①」の問題画像","原資料に年度・試験区分・問番号の記載がないため、転載元は未特定","提供された「FE科目A模試解説①.pdf」","基本情報技術者試験 科目Aサンプル問題","https://www.fe-siken.com/","「レスポンシブWebデザイン」を扱う設問であることから、現行の科目Aで扱われるAI・クラウド・開発技術などの出題形式を確認する参照先として掲載。これは原典の推定ではなく、復習用の関連問題群である。"
"18","テクノロジ","トランザクションの原子性","提供された「FE科目A模試①」の問題画像","原資料に年度・試験区分・問番号の記載がないため、転載元は未特定","提供された「FE科目A模試解説①.pdf」","基本情報技術者試験 科目A公開問題","https://www.fe-siken.com/","「トランザクションの原子性」を扱う設問であることから、科目Aで問われる基礎理論・コンピュータシステム・データベース・ネットワークの類題を確認する参照先として掲載。これは原典の推定ではなく、復習用の関連問題群である。"
"19","テクノロジ","推移的関数従属","提供された「FE科目A模試①」の問題画像","原資料に年度・試験区分・問番号の記載がないため、転載元は未特定","提供された「FE科目A模試解説①.pdf」","基本情報技術者試験 科目A公開問題","https://www.fe-siken.com/","「推移的関数従属」を扱う設問であることから、科目Aで問われる基礎理論・コンピュータシステム・データベース・ネットワークの類題を確認する参照先として掲載。これは原典の推定ではなく、復習用の関連問題群である。"
"20","データベース","データマート","提供された「FE科目A模試①」の問題画像","原資料に年度・試験区分・問番号の記載がないため、転載元は未特定","提供された「FE科目A模試解説①.pdf」","基本情報技術者試験 科目A公開問題","https://www.fe-siken.com/","「データマート」を扱う設問であることから、科目Aで問われる基礎理論・コンピュータシステム・データベース・ネットワークの類題を確認する参照先として掲載。これは原典の推定ではなく、復習用の関連問題群である。"
"21","データベース","PRIMARY KEY制約","提供された「FE科目A模試①」の問題画像","原資料に年度・試験区分・問番号の記載がないため、転載元は未特定","提供された「FE科目A模試解説①.pdf」","基本情報技術者試験 科目A公開問題","https://www.fe-siken.com/","「PRIMARY KEY制約」を扱う設問であることから、科目Aで問われる基礎理論・コンピュータシステム・データベース・ネットワークの類題を確認する参照先として掲載。これは原典の推定ではなく、復習用の関連問題群である。"
"22","データベース","NoSQL","提供された「FE科目A模試①」の問題画像","原資料に年度・試験区分・問番号の記載がないため、転載元は未特定","提供された「FE科目A模試解説①.pdf」","基本情報技術者試験 科目Aサンプル問題","https://www.fe-siken.com/","「NoSQL」を扱う設問であることから、現行の科目Aで扱われるAI・クラウド・開発技術などの出題形式を確認する参照先として掲載。これは原典の推定ではなく、復習用の関連問題群である。"
"23","ネットワーク","CSMA/CA","提供された「FE科目A模試①」の問題画像","原資料に年度・試験区分・問番号の記載がないため、転載元は未特定","提供された「FE科目A模試解説①.pdf」","基本情報技術者試験 科目A公開問題","https://www.fe-siken.com/","「CSMA/CA」を扱う設問であることから、科目Aで問われる基礎理論・コンピュータシステム・データベース・ネットワークの類題を確認する参照先として掲載。これは原典の推定ではなく、復習用の関連問題群である。"
"24","ネットワーク","全二重通信","提供された「FE科目A模試①」の問題画像","原資料に年度・試験区分・問番号の記載がないため、転載元は未特定","提供された「FE科目A模試解説①.pdf」","基本情報技術者試験 科目A公開問題","https://www.fe-siken.com/","「全二重通信」を扱う設問であることから、科目Aで問われる基礎理論・コンピュータシステム・データベース・ネットワークの類題を確認する参照先として掲載。これは原典の推定ではなく、復習用の関連問題群である。"
"25","ネットワーク","IPアドレスとMACアドレス","提供された「FE科目A模試①」の問題画像","原資料に年度・試験区分・問番号の記載がないため、転載元は未特定","提供された「FE科目A模試解説①.pdf」","基本情報技術者試験 科目A公開問題","https://www.fe-siken.com/","「IPアドレスとMACアドレス」を扱う設問であることから、科目Aで問われる基礎理論・コンピュータシステム・データベース・ネットワークの類題を確認する参照先として掲載。これは原典の推定ではなく、復習用の関連問題群である。"
"26","ネットワーク","サブネットアドレス","提供された「FE科目A模試①」の問題画像","原資料に年度・試験区分・問番号の記載がないため、転載元は未特定","提供された「FE科目A模試解説①.pdf」","基本情報技術者試験 科目A公開問題","https://www.fe-siken.com/","「サブネットアドレス」を扱う設問であることから、科目Aで問われる基礎理論・コンピュータシステム・データベース・ネットワークの類題を確認する参照先として掲載。これは原典の推定ではなく、復習用の関連問題群である。"
"27","セキュリティ","ドライブバイダウンロード","提供された「FE科目A模試①」の問題画像","原資料に年度・試験区分・問番号の記載がないため、転載元は未特定","提供された「FE科目A模試解説①.pdf」","セキュリティマネジメントの問題","https://www.sg-siken.com/","「ドライブバイダウンロード」を扱う設問であることから、情報セキュリティの脅威・対策・監査に関する類題を確認する参照先として掲載。これは原典の推定ではなく、復習用の関連問題群である。"
"28","セキュリティ","WAFの設置位置","提供された「FE科目A模試①」の問題画像","原資料に年度・試験区分・問番号の記載がないため、転載元は未特定","提供された「FE科目A模試解説①.pdf」","セキュリティマネジメントの問題","https://www.sg-siken.com/","「WAFの設置位置」を扱う設問であることから、情報セキュリティの脅威・対策・監査に関する類題を確認する参照先として掲載。これは原典の推定ではなく、復習用の関連問題群である。"
"29","セキュリティ","リスクベース認証","提供された「FE科目A模試①」の問題画像","原資料に年度・試験区分・問番号の記載がないため、転載元は未特定","提供された「FE科目A模試解説①.pdf」","セキュリティマネジメントの問題","https://www.sg-siken.com/","「リスクベース認証」を扱う設問であることから、情報セキュリティの脅威・対策・監査に関する類題を確認する参照先として掲載。これは原典の推定ではなく、復習用の関連問題群である。"
"30","セキュリティ","AIによる異常検知","提供された「FE科目A模試①」の問題画像","原資料に年度・試験区分・問番号の記載がないため、転載元は未特定","提供された「FE科目A模試解説①.pdf」","セキュリティマネジメントの問題","https://www.sg-siken.com/","「AIによる異常検知」を扱う設問であることから、情報セキュリティの脅威・対策・監査に関する類題を確認する参照先として掲載。これは原典の推定ではなく、復習用の関連問題群である。"
"31","セキュリティ","ステートフルインスペクション","提供された「FE科目A模試①」の問題画像","原資料に年度・試験区分・問番号の記載がないため、転載元は未特定","提供された「FE科目A模試解説①.pdf」","セキュリティマネジメントの問題","https://www.sg-siken.com/","「ステートフルインスペクション」を扱う設問であることから、情報セキュリティの脅威・対策・監査に関する類題を確認する参照先として掲載。これは原典の推定ではなく、復習用の関連問題群である。"
"32","セキュリティ","ランサムウェア対策","提供された「FE科目A模試①」の問題画像","原資料に年度・試験区分・問番号の記載がないため、転載元は未特定","提供された「FE科目A模試解説①.pdf」","セキュリティマネジメントの問題","https://www.sg-siken.com/","「ランサムウェア対策」を扱う設問であることから、情報セキュリティの脅威・対策・監査に関する類題を確認する参照先として掲載。これは原典の推定ではなく、復習用の関連問題群である。"
"33","セキュリティ","リバースブルートフォース攻撃","提供された「FE科目A模試①」の問題画像","原資料に年度・試験区分・問番号の記載がないため、転載元は未特定","提供された「FE科目A模試解説①.pdf」","セキュリティマネジメントの問題","https://www.sg-siken.com/","「リバースブルートフォース攻撃」を扱う設問であることから、情報セキュリティの脅威・対策・監査に関する類題を確認する参照先として掲載。これは原典の推定ではなく、復習用の関連問題群である。"
"34","テクノロジ","マイクロサービスアーキテクチャ","提供された「FE科目A模試①」の問題画像","原資料に年度・試験区分・問番号の記載がないため、転載元は未特定","提供された「FE科目A模試解説①.pdf」","基本情報技術者試験 科目Aサンプル問題","https://www.fe-siken.com/","「マイクロサービスアーキテクチャ」を扱う設問であることから、現行の科目Aで扱われるAI・クラウド・開発技術などの出題形式を確認する参照先として掲載。これは原典の推定ではなく、復習用の関連問題群である。"
"35","テクノロジ","信頼性設計","提供された「FE科目A模試①」の問題画像","原資料に年度・試験区分・問番号の記載がないため、転載元は未特定","提供された「FE科目A模試解説①.pdf」","基本情報技術者試験 科目A公開問題","https://www.fe-siken.com/","「信頼性設計」を扱う設問であることから、科目Aで問われる基礎理論・コンピュータシステム・データベース・ネットワークの類題を確認する参照先として掲載。これは原典の推定ではなく、復習用の関連問題群である。"
"36","テクノロジ","同値分割法","提供された「FE科目A模試①」の問題画像","原資料に年度・試験区分・問番号の記載がないため、転載元は未特定","提供された「FE科目A模試解説①.pdf」","基本情報技術者試験 科目A公開問題","https://www.fe-siken.com/","「同値分割法」を扱う設問であることから、科目Aで問われる基礎理論・コンピュータシステム・データベース・ネットワークの類題を確認する参照先として掲載。これは原典の推定ではなく、復習用の関連問題群である。"
"37","マネジメント","スクラムのスプリント","提供された「FE科目A模試①」の問題画像","原資料に年度・試験区分・問番号の記載がないため、転載元は未特定","提供された「FE科目A模試解説①.pdf」","修了試験問題情報","https://www.ipa.go.jp/shiken/about/menjo-fe.html#kakomondai","「スクラムのスプリント」を扱う設問であることから、科目A免除制度の修了試験で扱われるマネジメント・運用分野の類題を確認する参照先として掲載。これは原典の推定ではなく、復習用の関連問題群である。"
"38","テクノロジ","ユーザーストーリー","提供された「FE科目A模試①」の問題画像","原資料に年度・試験区分・問番号の記載がないため、転載元は未特定","提供された「FE科目A模試解説①.pdf」","修了試験問題情報","https://www.ipa.go.jp/shiken/about/menjo-fe.html#kakomondai","「ユーザーストーリー」を扱う設問であることから、科目A免除制度の修了試験で扱われるマネジメント・運用分野の類題を確認する参照先として掲載。これは原典の推定ではなく、復習用の関連問題群である。"
"39","テクノロジ","マッシュアップ","提供された「FE科目A模試①」の問題画像","原資料に年度・試験区分・問番号の記載がないため、転載元は未特定","提供された「FE科目A模試解説①.pdf」","基本情報技術者試験 科目A公開問題","https://www.fe-siken.com/","「マッシュアップ」を扱う設問であることから、科目Aで問われる基礎理論・コンピュータシステム・データベース・ネットワークの類題を確認する参照先として掲載。これは原典の推定ではなく、復習用の関連問題群である。"
"40","テクノロジ","スプリントバックログ","提供された「FE科目A模試①」の問題画像","原資料に年度・試験区分・問番号の記載がないため、転載元は未特定","提供された「FE科目A模試解説①.pdf」","修了試験問題情報","https://www.ipa.go.jp/shiken/about/menjo-fe.html#kakomondai","「スプリントバックログ」を扱う設問であることから、科目A免除制度の修了試験で扱われるマネジメント・運用分野の類題を確認する参照先として掲載。これは原典の推定ではなく、復習用の関連問題群である。"
"41","マネジメント","PERTと最早結合点時刻","提供された「FE科目A模試①」の問題画像","原資料に年度・試験区分・問番号の記載がないため、転載元は未特定","提供された「FE科目A模試解説①.pdf」","修了試験問題情報","https://www.ipa.go.jp/shiken/about/menjo-fe.html#kakomondai","「PERTと最早結合点時刻」を扱う設問であることから、科目A免除制度の修了試験で扱われるマネジメント・運用分野の類題を確認する参照先として掲載。これは原典の推定ではなく、復習用の関連問題群である。"
"42","マネジメント","期待金額価値","提供された「FE科目A模試①」の問題画像","原資料に年度・試験区分・問番号の記載がないため、転載元は未特定","提供された「FE科目A模試解説①.pdf」","修了試験問題情報","https://www.ipa.go.jp/shiken/about/menjo-fe.html#kakomondai","「期待金額価値」を扱う設問であることから、科目A免除制度の修了試験で扱われるマネジメント・運用分野の類題を確認する参照先として掲載。これは原典の推定ではなく、復習用の関連問題群である。"
"43","セキュリティ","物理的セキュリティ","提供された「FE科目A模試①」の問題画像","原資料に年度・試験区分・問番号の記載がないため、転載元は未特定","提供された「FE科目A模試解説①.pdf」","セキュリティマネジメントの問題","https://www.sg-siken.com/","「物理的セキュリティ」を扱う設問であることから、情報セキュリティの脅威・対策・監査に関する類題を確認する参照先として掲載。これは原典の推定ではなく、復習用の関連問題群である。"
"44","テクノロジ","サービス可用性","提供された「FE科目A模試①」の問題画像","原資料に年度・試験区分・問番号の記載がないため、転載元は未特定","提供された「FE科目A模試解説①.pdf」","修了試験問題情報","https://www.ipa.go.jp/shiken/about/menjo-fe.html#kakomondai","「サービス可用性」を扱う設問であることから、科目A免除制度の修了試験で扱われるマネジメント・運用分野の類題を確認する参照先として掲載。これは原典の推定ではなく、復習用の関連問題群である。"
"45","マネジメント","システム監査と障害対応","提供された「FE科目A模試①」の問題画像","原資料に年度・試験区分・問番号の記載がないため、転載元は未特定","提供された「FE科目A模試解説①.pdf」","修了試験問題情報","https://www.ipa.go.jp/shiken/about/menjo-fe.html#kakomondai","「システム監査と障害対応」を扱う設問であることから、科目A免除制度の修了試験で扱われるマネジメント・運用分野の類題を確認する参照先として掲載。これは原典の推定ではなく、復習用の関連問題群である。"
"46","ストラテジ","RPA導入","提供された「FE科目A模試①」の問題画像","原資料に年度・試験区分・問番号の記載がないため、転載元は未特定","提供された「FE科目A模試解説①.pdf」","応用情報技術者試験 科目A公開問題","https://www.ap-siken.com/","「RPA導入」を扱う設問であることから、経営戦略・法務・会計・マーケティング分野の発展的な類題を確認する参照先として掲載。これは原典の推定ではなく、復習用の関連問題群である。"
"47","ストラテジ","ハイブリッドクラウド移行","提供された「FE科目A模試①」の問題画像","原資料に年度・試験区分・問番号の記載がないため、転載元は未特定","提供された「FE科目A模試解説①.pdf」","応用情報技術者試験 科目A公開問題","https://www.ap-siken.com/","「ハイブリッドクラウド移行」を扱う設問であることから、経営戦略・法務・会計・マーケティング分野の発展的な類題を確認する参照先として掲載。これは原典の推定ではなく、復習用の関連問題群である。"
"48","ストラテジ","ダイバーシティマネジメント","提供された「FE科目A模試①」の問題画像","原資料に年度・試験区分・問番号の記載がないため、転載元は未特定","提供された「FE科目A模試解説①.pdf」","応用情報技術者試験 科目A公開問題","https://www.ap-siken.com/","「ダイバーシティマネジメント」を扱う設問であることから、経営戦略・法務・会計・マーケティング分野の発展的な類題を確認する参照先として掲載。これは原典の推定ではなく、復習用の関連問題群である。"
"49","ストラテジ","オムニチャネル","提供された「FE科目A模試①」の問題画像","原資料に年度・試験区分・問番号の記載がないため、転載元は未特定","提供された「FE科目A模試解説①.pdf」","応用情報技術者試験 科目A公開問題","https://www.ap-siken.com/","「オムニチャネル」を扱う設問であることから、経営戦略・法務・会計・マーケティング分野の発展的な類題を確認する参照先として掲載。これは原典の推定ではなく、復習用の関連問題群である。"
"50","ストラテジ","ビジネスモデルキャンバス","提供された「FE科目A模試①」の問題画像","原資料に年度・試験区分・問番号の記載がないため、転載元は未特定","提供された「FE科目A模試解説①.pdf」","応用情報技術者試験 科目A公開問題","https://www.ap-siken.com/","「ビジネスモデルキャンバス」を扱う設問であることから、経営戦略・法務・会計・マーケティング分野の発展的な類題を確認する参照先として掲載。これは原典の推定ではなく、復習用の関連問題群である。"
"51","ストラテジ","リテンション率","提供された「FE科目A模試①」の問題画像","原資料に年度・試験区分・問番号の記載がないため、転載元は未特定","提供された「FE科目A模試解説①.pdf」","応用情報技術者試験 科目A公開問題","https://www.ap-siken.com/","「リテンション率」を扱う設問であることから、経営戦略・法務・会計・マーケティング分野の発展的な類題を確認する参照先として掲載。これは原典の推定ではなく、復習用の関連問題群である。"
"52","ストラテジ","キャズム理論","提供された「FE科目A模試①」の問題画像","原資料に年度・試験区分・問番号の記載がないため、転載元は未特定","提供された「FE科目A模試解説①.pdf」","応用情報技術者試験 科目A公開問題","https://www.ap-siken.com/","「キャズム理論」を扱う設問であることから、経営戦略・法務・会計・マーケティング分野の発展的な類題を確認する参照先として掲載。これは原典の推定ではなく、復習用の関連問題群である。"
"53","ストラテジ","アカウントアグリゲーション","提供された「FE科目A模試①」の問題画像","原資料に年度・試験区分・問番号の記載がないため、転載元は未特定","提供された「FE科目A模試解説①.pdf」","応用情報技術者試験 科目A公開問題","https://www.ap-siken.com/","「アカウントアグリゲーション」を扱う設問であることから、経営戦略・法務・会計・マーケティング分野の発展的な類題を確認する参照先として掲載。これは原典の推定ではなく、復習用の関連問題群である。"
"54","ストラテジ","データ分析プロセス","提供された「FE科目A模試①」の問題画像","原資料に年度・試験区分・問番号の記載がないため、転載元は未特定","提供された「FE科目A模試解説①.pdf」","応用情報技術者試験 科目A公開問題","https://www.ap-siken.com/","「データ分析プロセス」を扱う設問であることから、経営戦略・法務・会計・マーケティング分野の発展的な類題を確認する参照先として掲載。これは原典の推定ではなく、復習用の関連問題群である。"
"55","テクノロジ","エッジAI","提供された「FE科目A模試①」の問題画像","原資料に年度・試験区分・問番号の記載がないため、転載元は未特定","提供された「FE科目A模試解説①.pdf」","基本情報技術者試験 科目Aサンプル問題","https://www.fe-siken.com/","「エッジAI」を扱う設問であることから、現行の科目Aで扱われるAI・クラウド・開発技術などの出題形式を確認する参照先として掲載。これは原典の推定ではなく、復習用の関連問題群である。"
"56","ストラテジ","散布図と相関","提供された「FE科目A模試①」の問題画像","原資料に年度・試験区分・問番号の記載がないため、転載元は未特定","提供された「FE科目A模試解説①.pdf」","応用情報技術者試験 科目A公開問題","https://www.ap-siken.com/","「散布図と相関」を扱う設問であることから、経営戦略・法務・会計・マーケティング分野の発展的な類題を確認する参照先として掲載。これは原典の推定ではなく、復習用の関連問題群である。"
"57","ストラテジ","目標利益売上高","提供された「FE科目A模試①」の問題画像","原資料に年度・試験区分・問番号の記載がないため、転載元は未特定","提供された「FE科目A模試解説①.pdf」","応用情報技術者試験 科目A公開問題","https://www.ap-siken.com/","「目標利益売上高」を扱う設問であることから、経営戦略・法務・会計・マーケティング分野の発展的な類題を確認する参照先として掲載。これは原典の推定ではなく、復習用の関連問題群である。"
"58","ストラテジ","ABC分析","提供された「FE科目A模試①」の問題画像","原資料に年度・試験区分・問番号の記載がないため、転載元は未特定","提供された「FE科目A模試解説①.pdf」","応用情報技術者試験 科目A公開問題","https://www.ap-siken.com/","「ABC分析」を扱う設問であることから、経営戦略・法務・会計・マーケティング分野の発展的な類題を確認する参照先として掲載。これは原典の推定ではなく、復習用の関連問題群である。"
"59","ストラテジ","デルファイ法","提供された「FE科目A模試①」の問題画像","原資料に年度・試験区分・問番号の記載がないため、転載元は未特定","提供された「FE科目A模試解説①.pdf」","応用情報技術者試験 科目A公開問題","https://www.ap-siken.com/","「デルファイ法」を扱う設問であることから、経営戦略・法務・会計・マーケティング分野の発展的な類題を確認する参照先として掲載。これは原典の推定ではなく、復習用の関連問題群である。"
"60","ストラテジ","著作者人格権","提供された「FE科目A模試①」の問題画像","原資料に年度・試験区分・問番号の記載がないため、転載元は未特定","提供された「FE科目A模試解説①.pdf」","応用情報技術者試験 科目A公開問題","https://www.ap-siken.com/","「著作者人格権」を扱う設問であることから、経営戦略・法務・会計・マーケティング分野の発展的な類題を確認する参照先として掲載。これは原典の推定ではなく、復習用の関連問題群である。"