問題,分野,テーマ,出典・類題候補,URL,分析メモ
"1","テクノロジ","論理演算と真理値表","基本情報技術者試験 科目A公開問題","https://www.fe-siken.com/","解説PDFを基準に、基本情報技術者試験 科目A公開問題の同分野・類題とテーマ照合した候補。転載元の断定ではありません。"
"2","テクノロジ","ベイズの定理","基本情報技術者試験 科目A公開問題","https://www.fe-siken.com/","解説PDFを基準に、基本情報技術者試験 科目A公開問題の同分野・類題とテーマ照合した候補。転載元の断定ではありません。"
"3","テクノロジ","過学習","基本情報技術者試験 科目A公開問題","https://www.fe-siken.com/","解説PDFを基準に、基本情報技術者試験 科目A公開問題の同分野・類題とテーマ照合した候補。転載元の断定ではありません。"
"4","テクノロジ","情報落ち","基本情報技術者試験 科目A公開問題","https://www.fe-siken.com/","解説PDFを基準に、基本情報技術者試験 科目A公開問題の同分野・類題とテーマ照合した候補。転載元の断定ではありません。"
"5","テクノロジ","二分探索木","基本情報技術者試験 科目Aサンプル問題","https://www.fe-siken.com/","解説PDFを基準に、基本情報技術者試験 科目Aサンプル問題の同分野・類題とテーマ照合した候補。転載元の断定ではありません。"
"6","テクノロジ","スタックと出力順","基本情報技術者試験 科目A公開問題","https://www.fe-siken.com/","解説PDFを基準に、基本情報技術者試験 科目A公開問題の同分野・類題とテーマ照合した候補。転載元の断定ではありません。"
"7","テクノロジ","JSON","修了試験問題情報","https://www.ipa.go.jp/shiken/about/menjo-fe.html#kakomondai","解説PDFを基準に、修了試験問題情報の同分野・類題とテーマ照合した候補。転載元の断定ではありません。"
"8","テクノロジ","GPUによる並列処理","基本情報技術者試験 科目A公開問題","https://www.fe-siken.com/","解説PDFを基準に、基本情報技術者試験 科目A公開問題の同分野・類題とテーマ照合した候補。転載元の断定ではありません。"
"9","テクノロジ","5段パイプライン","基本情報技術者試験 科目A公開問題","https://www.fe-siken.com/","解説PDFを基準に、基本情報技術者試験 科目A公開問題の同分野・類題とテーマ照合した候補。転載元の断定ではありません。"
"10","テクノロジ","仮想化環境の縮退運転","基本情報技術者試験 科目Aサンプル問題","https://www.fe-siken.com/","解説PDFを基準に、基本情報技術者試験 科目Aサンプル問題の同分野・類題とテーマ照合した候補。転載元の断定ではありません。"
"11","テクノロジ","Infrastructure as Code","基本情報技術者試験 科目A公開問題","https://www.fe-siken.com/","解説PDFを基準に、基本情報技術者試験 科目A公開問題の同分野・類題とテーマ照合した候補。転載元の断定ではありません。"
"12","テクノロジ","システム稼働率","基本情報技術者試験 科目A公開問題","https://www.fe-siken.com/","解説PDFを基準に、基本情報技術者試験 科目A公開問題の同分野・類題とテーマ照合した候補。転載元の断定ではありません。"
"13","テクノロジ","ロジックマッシュアップ","基本情報技術者試験 科目A公開問題","https://www.fe-siken.com/","解説PDFを基準に、基本情報技術者試験 科目A公開問題の同分野・類題とテーマ照合した候補。転載元の断定ではありません。"
"14","テクノロジ","スラッシング","修了試験問題情報","https://www.ipa.go.jp/shiken/about/menjo-fe.html#kakomondai","解説PDFを基準に、修了試験問題情報の同分野・類題とテーマ照合した候補。転載元の断定ではありません。"
"15","テクノロジ","OSSライセンス","基本情報技術者試験 科目Aサンプル問題","https://www.fe-siken.com/","解説PDFを基準に、基本情報技術者試験 科目Aサンプル問題の同分野・類題とテーマ照合した候補。転載元の断定ではありません。"
"16","テクノロジ","NAND回路","基本情報技術者試験 科目A公開問題","https://www.fe-siken.com/","解説PDFを基準に、基本情報技術者試験 科目A公開問題の同分野・類題とテーマ照合した候補。転載元の断定ではありません。"
"17","テクノロジ","レスポンシブWebデザイン","基本情報技術者試験 科目A公開問題","https://www.fe-siken.com/","解説PDFを基準に、基本情報技術者試験 科目A公開問題の同分野・類題とテーマ照合した候補。転載元の断定ではありません。"
"18","テクノロジ","トランザクションの原子性","基本情報技術者試験 科目A公開問題","https://www.fe-siken.com/","解説PDFを基準に、基本情報技術者試験 科目A公開問題の同分野・類題とテーマ照合した候補。転載元の断定ではありません。"
"19","テクノロジ","推移的関数従属","基本情報技術者試験 科目A公開問題","https://www.fe-siken.com/","解説PDFを基準に、基本情報技術者試験 科目A公開問題の同分野・類題とテーマ照合した候補。転載元の断定ではありません。"
"20","データベース","データマート","基本情報技術者試験 科目Aサンプル問題","https://www.fe-siken.com/","解説PDFを基準に、基本情報技術者試験 科目Aサンプル問題の同分野・類題とテーマ照合した候補。転載元の断定ではありません。"
"21","データベース","PRIMARY KEY制約","修了試験問題情報","https://www.ipa.go.jp/shiken/about/menjo-fe.html#kakomondai","解説PDFを基準に、修了試験問題情報の同分野・類題とテーマ照合した候補。転載元の断定ではありません。"
"22","データベース","NoSQL","基本情報技術者試験 科目A公開問題","https://www.fe-siken.com/","解説PDFを基準に、基本情報技術者試験 科目A公開問題の同分野・類題とテーマ照合した候補。転載元の断定ではありません。"
"23","ネットワーク","CSMA/CA","基本情報技術者試験 科目A公開問題","https://www.fe-siken.com/","解説PDFを基準に、基本情報技術者試験 科目A公開問題の同分野・類題とテーマ照合した候補。転載元の断定ではありません。"
"24","ネットワーク","全二重通信","基本情報技術者試験 科目A公開問題","https://www.fe-siken.com/","解説PDFを基準に、基本情報技術者試験 科目A公開問題の同分野・類題とテーマ照合した候補。転載元の断定ではありません。"
"25","ネットワーク","IPアドレスとMACアドレス","基本情報技術者試験 科目Aサンプル問題","https://www.fe-siken.com/","解説PDFを基準に、基本情報技術者試験 科目Aサンプル問題の同分野・類題とテーマ照合した候補。転載元の断定ではありません。"
"26","ネットワーク","サブネットアドレス","基本情報技術者試験 科目A公開問題","https://www.fe-siken.com/","解説PDFを基準に、基本情報技術者試験 科目A公開問題の同分野・類題とテーマ照合した候補。転載元の断定ではありません。"
"27","セキュリティ","ドライブバイダウンロード","基本情報技術者試験 科目A公開問題","https://www.fe-siken.com/","解説PDFを基準に、基本情報技術者試験 科目A公開問題の同分野・類題とテーマ照合した候補。転載元の断定ではありません。"
"28","セキュリティ","WAFの設置位置","セキュリティマネジメントの問題","https://www.sg-siken.com/","解説PDFを基準に、セキュリティマネジメントの問題の同分野・類題とテーマ照合した候補。転載元の断定ではありません。"
"29","セキュリティ","リスクベース認証","セキュリティマネジメントの問題","https://www.sg-siken.com/","解説PDFを基準に、セキュリティマネジメントの問題の同分野・類題とテーマ照合した候補。転載元の断定ではありません。"
"30","セキュリティ","AIによる異常検知","基本情報技術者試験 科目Aサンプル問題","https://www.fe-siken.com/","解説PDFを基準に、基本情報技術者試験 科目Aサンプル問題の同分野・類題とテーマ照合した候補。転載元の断定ではありません。"
"31","セキュリティ","ステートフルインスペクション","基本情報技術者試験 科目A公開問題","https://www.fe-siken.com/","解説PDFを基準に、基本情報技術者試験 科目A公開問題の同分野・類題とテーマ照合した候補。転載元の断定ではありません。"
"32","セキュリティ","ランサムウェア対策","セキュリティマネジメントの問題","https://www.sg-siken.com/","解説PDFを基準に、セキュリティマネジメントの問題の同分野・類題とテーマ照合した候補。転載元の断定ではありません。"
"33","セキュリティ","リバースブルートフォース攻撃","セキュリティマネジメントの問題","https://www.sg-siken.com/","解説PDFを基準に、セキュリティマネジメントの問題の同分野・類題とテーマ照合した候補。転載元の断定ではありません。"
"34","テクノロジ","マイクロサービスアーキテクチャ","基本情報技術者試験 科目A公開問題","https://www.fe-siken.com/","解説PDFを基準に、基本情報技術者試験 科目A公開問題の同分野・類題とテーマ照合した候補。転載元の断定ではありません。"
"35","テクノロジ","信頼性設計","基本情報技術者試験 科目Aサンプル問題","https://www.fe-siken.com/","解説PDFを基準に、基本情報技術者試験 科目Aサンプル問題の同分野・類題とテーマ照合した候補。転載元の断定ではありません。"
"36","テクノロジ","同値分割法","基本情報技術者試験 科目A公開問題","https://www.fe-siken.com/","解説PDFを基準に、基本情報技術者試験 科目A公開問題の同分野・類題とテーマ照合した候補。転載元の断定ではありません。"
"37","マネジメント","スクラムのスプリント","基本情報技術者試験 科目A公開問題","https://www.fe-siken.com/","解説PDFを基準に、基本情報技術者試験 科目A公開問題の同分野・類題とテーマ照合した候補。転載元の断定ではありません。"
"38","テクノロジ","ユーザーストーリー","基本情報技術者試験 科目A公開問題","https://www.fe-siken.com/","解説PDFを基準に、基本情報技術者試験 科目A公開問題の同分野・類題とテーマ照合した候補。転載元の断定ではありません。"
"39","テクノロジ","マッシュアップ","基本情報技術者試験 科目A公開問題","https://www.fe-siken.com/","解説PDFを基準に、基本情報技術者試験 科目A公開問題の同分野・類題とテーマ照合した候補。転載元の断定ではありません。"
"40","テクノロジ","スプリントバックログ","基本情報技術者試験 科目Aサンプル問題","https://www.fe-siken.com/","解説PDFを基準に、基本情報技術者試験 科目Aサンプル問題の同分野・類題とテーマ照合した候補。転載元の断定ではありません。"
"41","マネジメント","PERTと最早結合点時刻","基本情報技術者試験 科目A公開問題","https://www.fe-siken.com/","解説PDFを基準に、基本情報技術者試験 科目A公開問題の同分野・類題とテーマ照合した候補。転載元の断定ではありません。"
"42","マネジメント","期待金額価値","修了試験問題情報","https://www.ipa.go.jp/shiken/about/menjo-fe.html#kakomondai","解説PDFを基準に、修了試験問題情報の同分野・類題とテーマ照合した候補。転載元の断定ではありません。"
"43","セキュリティ","物理的セキュリティ","セキュリティマネジメントの問題","https://www.sg-siken.com/","解説PDFを基準に、セキュリティマネジメントの問題の同分野・類題とテーマ照合した候補。転載元の断定ではありません。"
"44","テクノロジ","サービス可用性","セキュリティマネジメントの問題","https://www.sg-siken.com/","解説PDFを基準に、セキュリティマネジメントの問題の同分野・類題とテーマ照合した候補。転載元の断定ではありません。"
"45","マネジメント","システム監査と障害対応","セキュリティマネジメントの問題","https://www.sg-siken.com/","解説PDFを基準に、セキュリティマネジメントの問題の同分野・類題とテーマ照合した候補。転載元の断定ではありません。"
"46","ストラテジ","RPA導入","応用情報技術者試験 科目A公開問題","https://www.ap-siken.com/","解説PDFを基準に、応用情報技術者試験 科目A公開問題の同分野・類題とテーマ照合した候補。転載元の断定ではありません。"
"47","ストラテジ","ハイブリッドクラウド移行","応用情報技術者試験 科目A公開問題","https://www.ap-siken.com/","解説PDFを基準に、応用情報技術者試験 科目A公開問題の同分野・類題とテーマ照合した候補。転載元の断定ではありません。"
"48","ストラテジ","ダイバーシティマネジメント","応用情報技術者試験 科目A公開問題","https://www.ap-siken.com/","解説PDFを基準に、応用情報技術者試験 科目A公開問題の同分野・類題とテーマ照合した候補。転載元の断定ではありません。"
"49","ストラテジ","オムニチャネル","応用情報技術者試験 科目A公開問題","https://www.ap-siken.com/","解説PDFを基準に、応用情報技術者試験 科目A公開問題の同分野・類題とテーマ照合した候補。転載元の断定ではありません。"
"50","ストラテジ","ビジネスモデルキャンバス","応用情報技術者試験 科目A公開問題","https://www.ap-siken.com/","解説PDFを基準に、応用情報技術者試験 科目A公開問題の同分野・類題とテーマ照合した候補。転載元の断定ではありません。"
"51","ストラテジ","リテンション率","応用情報技術者試験 科目A公開問題","https://www.ap-siken.com/","解説PDFを基準に、応用情報技術者試験 科目A公開問題の同分野・類題とテーマ照合した候補。転載元の断定ではありません。"
"52","ストラテジ","キャズム理論","応用情報技術者試験 科目A公開問題","https://www.ap-siken.com/","解説PDFを基準に、応用情報技術者試験 科目A公開問題の同分野・類題とテーマ照合した候補。転載元の断定ではありません。"
"53","ストラテジ","アカウントアグリゲーション","応用情報技術者試験 科目A公開問題","https://www.ap-siken.com/","解説PDFを基準に、応用情報技術者試験 科目A公開問題の同分野・類題とテーマ照合した候補。転載元の断定ではありません。"
"54","ストラテジ","データ分析プロセス","応用情報技術者試験 科目A公開問題","https://www.ap-siken.com/","解説PDFを基準に、応用情報技術者試験 科目A公開問題の同分野・類題とテーマ照合した候補。転載元の断定ではありません。"
"55","テクノロジ","エッジAI","基本情報技術者試験 科目Aサンプル問題","https://www.fe-siken.com/","解説PDFを基準に、基本情報技術者試験 科目Aサンプル問題の同分野・類題とテーマ照合した候補。転載元の断定ではありません。"
"56","ストラテジ","散布図と相関","応用情報技術者試験 科目A公開問題","https://www.ap-siken.com/","解説PDFを基準に、応用情報技術者試験 科目A公開問題の同分野・類題とテーマ照合した候補。転載元の断定ではありません。"
"57","ストラテジ","目標利益売上高","応用情報技術者試験 科目A公開問題","https://www.ap-siken.com/","解説PDFを基準に、応用情報技術者試験 科目A公開問題の同分野・類題とテーマ照合した候補。転載元の断定ではありません。"
"58","ストラテジ","ABC分析","応用情報技術者試験 科目A公開問題","https://www.ap-siken.com/","解説PDFを基準に、応用情報技術者試験 科目A公開問題の同分野・類題とテーマ照合した候補。転載元の断定ではありません。"
"59","ストラテジ","デルファイ法","応用情報技術者試験 科目A公開問題","https://www.ap-siken.com/","解説PDFを基準に、応用情報技術者試験 科目A公開問題の同分野・類題とテーマ照合した候補。転載元の断定ではありません。"
"60","ストラテジ","著作者人格権","応用情報技術者試験 科目A公開問題","https://www.ap-siken.com/","解説PDFを基準に、応用情報技術者試験 科目A公開問題の同分野・類題とテーマ照合した候補。転載元の断定ではありません。"